{"call": "Call:\nlm(formula = time ~ distance, data = data)\n\nResiduals:\n     Min       1Q   Median       3Q      Max \n-10.6081  -3.9358   0.6419   5.1351   8.6486 \n\nCoefficients:\n            Estimate Std. Error t value Pr(>|t|)    \n(Intercept)   5.8784     4.5323   1.297 0.230788    \ndistance      1.4189     0.2355   6.025 0.000314 ***\n---\nSignif. codes:  0 '***' 0.001 '**' 0.01 '*' 0.05 '.' 0.1 ' ' 1\n\nResidual standard error: 6.719 on 8 degrees of freedom\nMultiple R-squared:  0.8194,\tAdjusted R-squared:  0.7969 \nF-statistic:  36.3 on 1 and 8 DF,  p-value: 0.0003144\n\n", "intercept": 5.878378, "coef_distance": 1.418919, "residuals": [-2.22973, 5.608108, -7.162162, 5.743243, 8.648649, 3.513514, -2.972973, 3.716216, -10.608108, -4.256757], "fitted_values": [17.22973, 14.391892, 27.162162, 34.256757, 41.351351, 21.486486, 12.972973, 51.283784, 45.608108, 34.256757], "time_values": [15, 20, 20, 40, 50, 25, 10, 55, 35, 30], "distance_values": [8, 6, 15, 20, 25, 11, 5, 32, 28, 20], "observations": [[15, 8], [20, 6], [20, 15], [40, 20], [50, 25], [25, 11], [10, 5], [55, 32], [35, 28], [30, 20]], "r_squared": 0.819426, "adjusted_r_squared": 0.796854, "equation": "5.878378 + 1.418919 * distance"}